[
  {
    "id": 1,
    "name": "bulbasaur",
    "sprites": {
      "front_default": "/pokemons/1.png"
    }
  },
  {
    "id": 2,
    "name": "ivysaur",
    "sprites": {
      "front_default": "/pokemons/2.png"
    }
  },
  {
    "id": 3,
    "name": "venusaur",
    "sprites": {
      "front_default": "/pokemons/3.png"
    }
  },
  {
    "id": 4,
    "name": "charmander",
    "sprites": {
      "front_default": "/pokemons/4.png"
    }
  },
  {
    "id": 5,
    "name": "charmeleon",
    "sprites": {
      "front_default": "/pokemons/5.png"
    }
  },
  {
    "id": 6,
    "name": "charizard",
    "sprites": {
      "front_default": "/pokemons/6.png"
    }
  },
  {
    "id": 7,
    "name": "squirtle",
    "sprites": {
      "front_default": "/pokemons/7.png"
    }
  },
  {
    "id": 8,
    "name": "wartortle",
    "sprites": {
      "front_default": "/pokemons/8.png"
    }
  },
  {
    "id": 9,
    "name": "blastoise",
    "sprites": {
      "front_default": "/pokemons/9.png"
    }
  },
  {
    "id": 10,
    "name": "caterpie",
    "sprites": {
      "front_default": "/pokemons/10.png"
    }
  }
]